method_id,pair_id,research_query_id,final_label,score,rank,example_role,boundary_type,error_type,source
bm25_v1,w4_rq01_019,rq01_stellar_classification,0,7.791553727793712,1,unclassified,,unclassified,
bm25_v1,w4_rq01_015,rq01_stellar_classification,0,7.270293659521292,2,hard_negative,wrong_modality_and_task,wrong_modality_and_task,data/analysis/w4_query_boundary_examples.csv#qb_005
bm25_v1,w4_rq01_016,rq01_stellar_classification,0,7.1748861649799025,3,boundary,object_classification_vs_stellar_type,object_classification_vs_stellar_type,data/analysis/w4_query_boundary_examples.csv#qb_006
bm25_v1,w4_rq01_002,rq01_stellar_classification,0,6.94591295354918,4,unclassified,,unclassified,
bm25_v1,w4_rq01_011,rq01_stellar_classification,2,5.5988069392982895,5,unclassified,,unclassified,
bm25_v1,w4_rq01_010,rq01_stellar_classification,0,5.3714006045908995,6,hard_negative,wrong_modality,wrong_modality,data/analysis/w4_query_boundary_examples.csv#qb_003
bm25_v1,w4_rq01_001,rq01_stellar_classification,0,5.099682906648135,7,unclassified,,unclassified,
bm25_v1,w4_rq01_008,rq01_stellar_classification,2,5.084194523491766,8,scope_in,,scope_in,data/analysis/w4_query_boundary_examples.csv#qb_002
bm25_v1,w4_rq01_014,rq01_stellar_classification,0,5.015765371152426,9,hard_negative,wrong_domain,wrong_domain,data/analysis/w4_query_boundary_examples.csv#qb_004
bm25_v1,w4_rq01_017,rq01_stellar_classification,2,4.616977736015048,10,unclassified,,unclassified,
bm25_v1,w4_rq01_009,rq01_stellar_classification,0,3.7589693594620113,11,unclassified,,unclassified,
bm25_v1,w4_rq01_012,rq01_stellar_classification,0,3.2260122211124997,12,unclassified,,unclassified,
bm25_v1,w4_rq01_006,rq01_stellar_classification,0,2.9532682834105755,13,unclassified,,unclassified,
bm25_v1,w4_rq01_013,rq01_stellar_classification,0,2.899348691000518,14,unclassified,,unclassified,
bm25_v1,w4_rq01_018,rq01_stellar_classification,0,2.361372552824773,15,unclassified,,unclassified,
bm25_v1,w4_rq01_004,rq01_stellar_classification,2,2.270780756704117,16,scope_in,,scope_in,data/analysis/w4_query_boundary_examples.csv#qb_001
bm25_v1,w4_rq01_007,rq01_stellar_classification,0,1.0106018210822243,17,unclassified,,unclassified,
bm25_v1,w4_rq01_020,rq01_stellar_classification,0,0.9324708609724464,18,unclassified,,unclassified,
bm25_v1,w4_rq01_003,rq01_stellar_classification,0,0.7679492163768725,19,unclassified,,unclassified,
bm25_v1,w4_rq01_005,rq01_stellar_classification,0,0.7427698658360474,20,unclassified,,unclassified,
bm25_v1,w4_rq02_003,rq02_stellar_parameters,1,15.978121047043063,1,unclassified,,unclassified,
bm25_v1,w4_rq02_018,rq02_stellar_parameters,2,10.650647362411519,2,scope_in,,scope_in,data/analysis/w4_query_boundary_examples.csv#qb_009
bm25_v1,w4_rq02_008,rq02_stellar_parameters,2,10.388594666622687,3,scope_in,,scope_in,data/analysis/w4_query_boundary_examples.csv#qb_007
bm25_v1,w4_rq02_006,rq02_stellar_parameters,2,7.055523901025504,4,unclassified,,unclassified,
bm25_v1,w4_rq02_020,rq02_stellar_parameters,0,4.83607279724825,5,hard_negative,wrong_modality_no_ml,wrong_modality_no_ml,data/analysis/w4_query_boundary_examples.csv#qb_012
bm25_v1,w4_rq02_015,rq02_stellar_parameters,0,4.582566237200636,6,unclassified,,unclassified,
bm25_v1,w4_rq02_017,rq02_stellar_parameters,2,4.557724840714037,7,unclassified,,unclassified,
bm25_v1,w4_rq02_002,rq02_stellar_parameters,0,4.35767227072,8,hard_negative,existing_labels_as_input,existing_labels_as_input,data/analysis/w4_query_boundary_examples.csv#qb_010
bm25_v1,w4_rq02_011,rq02_stellar_parameters,0,4.35767227072,9,unclassified,,unclassified,
bm25_v1,w4_rq02_005,rq02_stellar_parameters,0,4.2380080108126545,10,unclassified,,unclassified,
bm25_v1,w4_rq02_012,rq02_stellar_parameters,2,3.552776474960061,11,scope_in,,scope_in,data/analysis/w4_query_boundary_examples.csv#qb_008
bm25_v1,w4_rq02_016,rq02_stellar_parameters,1,3.4109040375391357,12,unclassified,,unclassified,
bm25_v1,w4_rq02_013,rq02_stellar_parameters,0,3.1620553553255766,13,unclassified,,unclassified,
bm25_v1,w4_rq02_014,rq02_stellar_parameters,0,3.146944145681819,14,hard_negative,classification_vs_regression,classification_vs_regression,data/analysis/w4_query_boundary_examples.csv#qb_011
bm25_v1,w4_rq02_004,rq02_stellar_parameters,2,2.4975637252894543,15,unclassified,,unclassified,
bm25_v1,w4_rq02_009,rq02_stellar_parameters,1,2.137134439691157,16,unclassified,,unclassified,
bm25_v1,w4_rq02_010,rq02_stellar_parameters,0,1.9344846615734925,17,unclassified,,unclassified,
bm25_v1,w4_rq02_001,rq02_stellar_parameters,0,0.8726416977370481,18,unclassified,,unclassified,
bm25_v1,w4_rq02_007,rq02_stellar_parameters,0,0.8288713058851909,19,unclassified,,unclassified,
bm25_v1,w4_rq02_019,rq02_stellar_parameters,0,0.0,20,unclassified,,unclassified,
bm25_v1,w4_rq03_014,rq03_spectral_preprocessing,2,16.325673912054693,1,scope_in,,scope_in,data/analysis/w4_query_boundary_examples.csv#qb_013
bm25_v1,w4_rq03_018,rq03_spectral_preprocessing,0,11.93706965346729,2,hard_negative,wrong_domain,wrong_domain,data/analysis/w4_query_boundary_examples.csv#qb_019
bm25_v1,w4_rq03_003,rq03_spectral_preprocessing,0,7.572990275696249,3,unclassified,,unclassified,
bm25_v1,w4_rq03_004,rq03_spectral_preprocessing,0,6.496448190439904,4,unclassified,,unclassified,
bm25_v1,w4_rq03_011,rq03_spectral_preprocessing,0,6.496448190439904,5,hard_negative,wrong_object_and_method_name,wrong_object_and_method_name,data/analysis/w4_query_boundary_examples.csv#qb_016
bm25_v1,w4_rq03_013,rq03_spectral_preprocessing,0,4.704963716041716,6,unclassified,,unclassified,
bm25_v1,w4_rq03_009,rq03_spectral_preprocessing,0,3.5288229668372235,7,boundary,generation_vs_preprocessing,generation_vs_preprocessing,data/analysis/w4_query_boundary_examples.csv#qb_014
bm25_v1,w4_rq03_012,rq03_spectral_preprocessing,0,3.3214792878186605,8,hard_negative,downstream_task,downstream_task,data/analysis/w4_query_boundary_examples.csv#qb_017
bm25_v1,w4_rq03_020,rq03_spectral_preprocessing,0,2.9532682834105755,9,unclassified,,unclassified,
bm25_v1,w4_rq03_005,rq03_spectral_preprocessing,0,2.835933406010021,10,unclassified,,unclassified,
bm25_v1,w4_rq03_002,rq03_spectral_preprocessing,0,2.246519591367888,11,unclassified,,unclassified,
bm25_v1,w4_rq03_016,rq03_spectral_preprocessing,0,1.4448189761866481,12,unclassified,,unclassified,
bm25_v1,w4_rq03_019,rq03_spectral_preprocessing,0,1.4362964788367203,13,hard_negative,downstream_task,downstream_task,data/analysis/w4_query_boundary_examples.csv#qb_020
bm25_v1,w4_rq03_010,rq03_spectral_preprocessing,0,1.3324917386964763,14,unclassified,,unclassified,
bm25_v1,w4_rq03_017,rq03_spectral_preprocessing,0,1.3123504921876508,15,unclassified,,unclassified,
bm25_v1,w4_rq03_007,rq03_spectral_preprocessing,1,0.9537191405967558,16,unclassified,,unclassified,
bm25_v1,w4_rq03_001,rq03_spectral_preprocessing,0,0.7692299665282621,17,unclassified,,unclassified,
bm25_v1,w4_rq03_006,rq03_spectral_preprocessing,0,0.5113207231482104,18,hard_negative,wrong_modality,wrong_modality,data/analysis/w4_query_boundary_examples.csv#qb_015
bm25_v1,w4_rq03_008,rq03_spectral_preprocessing,0,0.0,19,unclassified,,unclassified,
bm25_v1,w4_rq03_015,rq03_spectral_preprocessing,0,0.0,20,hard_negative,wrong_astronomical_object,wrong_astronomical_object,data/analysis/w4_query_boundary_examples.csv#qb_018
cross_encoder_msmarco_v1,w4_rq01_016,rq01_stellar_classification,0,7.6706037521362305,1,boundary,object_classification_vs_stellar_type,object_classification_vs_stellar_type,data/analysis/w4_query_boundary_examples.csv#qb_006
cross_encoder_msmarco_v1,w4_rq01_019,rq01_stellar_classification,0,7.099608898162842,2,unclassified,,unclassified,
cross_encoder_msmarco_v1,w4_rq01_001,rq01_stellar_classification,0,6.586884498596191,3,unclassified,,unclassified,
cross_encoder_msmarco_v1,w4_rq01_015,rq01_stellar_classification,0,4.9378204345703125,4,hard_negative,wrong_modality_and_task,wrong_modality_and_task,data/analysis/w4_query_boundary_examples.csv#qb_005
cross_encoder_msmarco_v1,w4_rq01_017,rq01_stellar_classification,2,4.710331916809082,5,unclassified,,unclassified,
cross_encoder_msmarco_v1,w4_rq01_002,rq01_stellar_classification,0,3.959278106689453,6,unclassified,,unclassified,
cross_encoder_msmarco_v1,w4_rq01_011,rq01_stellar_classification,2,3.8366198539733887,7,unclassified,,unclassified,
cross_encoder_msmarco_v1,w4_rq01_010,rq01_stellar_classification,0,3.671886444091797,8,hard_negative,wrong_modality,wrong_modality,data/analysis/w4_query_boundary_examples.csv#qb_003
cross_encoder_msmarco_v1,w4_rq01_013,rq01_stellar_classification,0,3.1853890419006348,9,unclassified,,unclassified,
cross_encoder_msmarco_v1,w4_rq01_009,rq01_stellar_classification,0,2.211951732635498,10,unclassified,,unclassified,
cross_encoder_msmarco_v1,w4_rq01_008,rq01_stellar_classification,2,1.7731268405914307,11,scope_in,,scope_in,data/analysis/w4_query_boundary_examples.csv#qb_002
cross_encoder_msmarco_v1,w4_rq01_006,rq01_stellar_classification,0,0.22876958549022675,12,unclassified,,unclassified,
cross_encoder_msmarco_v1,w4_rq01_007,rq01_stellar_classification,0,-0.6567893028259277,13,unclassified,,unclassified,
cross_encoder_msmarco_v1,w4_rq01_004,rq01_stellar_classification,2,-2.0453081130981445,14,scope_in,,scope_in,data/analysis/w4_query_boundary_examples.csv#qb_001
cross_encoder_msmarco_v1,w4_rq01_018,rq01_stellar_classification,0,-2.5593152046203613,15,unclassified,,unclassified,
cross_encoder_msmarco_v1,w4_rq01_003,rq01_stellar_classification,0,-3.754922866821289,16,unclassified,,unclassified,
cross_encoder_msmarco_v1,w4_rq01_012,rq01_stellar_classification,0,-4.696801662445068,17,unclassified,,unclassified,
cross_encoder_msmarco_v1,w4_rq01_014,rq01_stellar_classification,0,-5.308096408843994,18,hard_negative,wrong_domain,wrong_domain,data/analysis/w4_query_boundary_examples.csv#qb_004
cross_encoder_msmarco_v1,w4_rq01_020,rq01_stellar_classification,0,-5.576564311981201,19,unclassified,,unclassified,
cross_encoder_msmarco_v1,w4_rq01_005,rq01_stellar_classification,0,-10.003819465637207,20,unclassified,,unclassified,
cross_encoder_msmarco_v1,w4_rq02_008,rq02_stellar_parameters,2,3.075674295425415,1,scope_in,,scope_in,data/analysis/w4_query_boundary_examples.csv#qb_007
cross_encoder_msmarco_v1,w4_rq02_014,rq02_stellar_parameters,0,0.4019244313240051,2,hard_negative,classification_vs_regression,classification_vs_regression,data/analysis/w4_query_boundary_examples.csv#qb_011
cross_encoder_msmarco_v1,w4_rq02_006,rq02_stellar_parameters,2,-1.0307583808898926,3,unclassified,,unclassified,
cross_encoder_msmarco_v1,w4_rq02_017,rq02_stellar_parameters,2,-2.507534980773926,4,unclassified,,unclassified,
cross_encoder_msmarco_v1,w4_rq02_003,rq02_stellar_parameters,1,-2.560819387435913,5,unclassified,,unclassified,
cross_encoder_msmarco_v1,w4_rq02_012,rq02_stellar_parameters,2,-2.989854097366333,6,scope_in,,scope_in,data/analysis/w4_query_boundary_examples.csv#qb_008
cross_encoder_msmarco_v1,w4_rq02_018,rq02_stellar_parameters,2,-3.0774917602539062,7,scope_in,,scope_in,data/analysis/w4_query_boundary_examples.csv#qb_009
cross_encoder_msmarco_v1,w4_rq02_013,rq02_stellar_parameters,0,-3.249922752380371,8,unclassified,,unclassified,
cross_encoder_msmarco_v1,w4_rq02_009,rq02_stellar_parameters,1,-3.533714532852173,9,unclassified,,unclassified,
cross_encoder_msmarco_v1,w4_rq02_002,rq02_stellar_parameters,0,-4.099495887756348,10,hard_negative,existing_labels_as_input,existing_labels_as_input,data/analysis/w4_query_boundary_examples.csv#qb_010
cross_encoder_msmarco_v1,w4_rq02_011,rq02_stellar_parameters,0,-4.099495887756348,11,unclassified,,unclassified,
cross_encoder_msmarco_v1,w4_rq02_005,rq02_stellar_parameters,0,-4.280447959899902,12,unclassified,,unclassified,
cross_encoder_msmarco_v1,w4_rq02_004,rq02_stellar_parameters,2,-5.330994606018066,13,unclassified,,unclassified,
cross_encoder_msmarco_v1,w4_rq02_020,rq02_stellar_parameters,0,-5.636430740356445,14,hard_negative,wrong_modality_no_ml,wrong_modality_no_ml,data/analysis/w4_query_boundary_examples.csv#qb_012
cross_encoder_msmarco_v1,w4_rq02_010,rq02_stellar_parameters,0,-7.539908409118652,15,unclassified,,unclassified,
cross_encoder_msmarco_v1,w4_rq02_007,rq02_stellar_parameters,0,-8.000381469726562,16,unclassified,,unclassified,
cross_encoder_msmarco_v1,w4_rq02_001,rq02_stellar_parameters,0,-8.19672966003418,17,unclassified,,unclassified,
cross_encoder_msmarco_v1,w4_rq02_015,rq02_stellar_parameters,0,-8.908388137817383,18,unclassified,,unclassified,
cross_encoder_msmarco_v1,w4_rq02_016,rq02_stellar_parameters,1,-9.333942413330078,19,unclassified,,unclassified,
cross_encoder_msmarco_v1,w4_rq02_019,rq02_stellar_parameters,0,-10.240459442138672,20,unclassified,,unclassified,
cross_encoder_msmarco_v1,w4_rq03_005,rq03_spectral_preprocessing,0,0.033476218581199646,1,unclassified,,unclassified,
cross_encoder_msmarco_v1,w4_rq03_014,rq03_spectral_preprocessing,2,-0.6150707006454468,2,scope_in,,scope_in,data/analysis/w4_query_boundary_examples.csv#qb_013
cross_encoder_msmarco_v1,w4_rq03_012,rq03_spectral_preprocessing,0,-0.8575862646102905,3,hard_negative,downstream_task,downstream_task,data/analysis/w4_query_boundary_examples.csv#qb_017
cross_encoder_msmarco_v1,w4_rq03_020,rq03_spectral_preprocessing,0,-0.995465874671936,4,unclassified,,unclassified,
cross_encoder_msmarco_v1,w4_rq03_004,rq03_spectral_preprocessing,0,-1.3487945795059204,5,unclassified,,unclassified,
cross_encoder_msmarco_v1,w4_rq03_011,rq03_spectral_preprocessing,0,-1.3487945795059204,6,hard_negative,wrong_object_and_method_name,wrong_object_and_method_name,data/analysis/w4_query_boundary_examples.csv#qb_016
cross_encoder_msmarco_v1,w4_rq03_009,rq03_spectral_preprocessing,0,-2.7093698978424072,7,boundary,generation_vs_preprocessing,generation_vs_preprocessing,data/analysis/w4_query_boundary_examples.csv#qb_014
cross_encoder_msmarco_v1,w4_rq03_018,rq03_spectral_preprocessing,0,-3.5956270694732666,8,hard_negative,wrong_domain,wrong_domain,data/analysis/w4_query_boundary_examples.csv#qb_019
cross_encoder_msmarco_v1,w4_rq03_016,rq03_spectral_preprocessing,0,-4.865848541259766,9,unclassified,,unclassified,
cross_encoder_msmarco_v1,w4_rq03_003,rq03_spectral_preprocessing,0,-6.274831295013428,10,unclassified,,unclassified,
cross_encoder_msmarco_v1,w4_rq03_002,rq03_spectral_preprocessing,0,-6.39813232421875,11,unclassified,,unclassified,
cross_encoder_msmarco_v1,w4_rq03_017,rq03_spectral_preprocessing,0,-6.851101875305176,12,unclassified,,unclassified,
cross_encoder_msmarco_v1,w4_rq03_010,rq03_spectral_preprocessing,0,-6.933061599731445,13,unclassified,,unclassified,
cross_encoder_msmarco_v1,w4_rq03_013,rq03_spectral_preprocessing,0,-7.48704719543457,14,unclassified,,unclassified,
cross_encoder_msmarco_v1,w4_rq03_019,rq03_spectral_preprocessing,0,-8.936528205871582,15,hard_negative,downstream_task,downstream_task,data/analysis/w4_query_boundary_examples.csv#qb_020
cross_encoder_msmarco_v1,w4_rq03_015,rq03_spectral_preprocessing,0,-9.091316223144531,16,hard_negative,wrong_astronomical_object,wrong_astronomical_object,data/analysis/w4_query_boundary_examples.csv#qb_018
cross_encoder_msmarco_v1,w4_rq03_001,rq03_spectral_preprocessing,0,-9.542150497436523,17,unclassified,,unclassified,
cross_encoder_msmarco_v1,w4_rq03_007,rq03_spectral_preprocessing,1,-9.573088645935059,18,unclassified,,unclassified,
cross_encoder_msmarco_v1,w4_rq03_006,rq03_spectral_preprocessing,0,-10.088960647583008,19,hard_negative,wrong_modality,wrong_modality,data/analysis/w4_query_boundary_examples.csv#qb_015
cross_encoder_msmarco_v1,w4_rq03_008,rq03_spectral_preprocessing,0,-11.293188095092773,20,unclassified,,unclassified,
preliminary_score_v1,w4_rq01_002,rq01_stellar_classification,0,0.5737,1,unclassified,,unclassified,
preliminary_score_v1,w4_rq01_014,rq01_stellar_classification,0,0.5601,2,hard_negative,wrong_domain,wrong_domain,data/analysis/w4_query_boundary_examples.csv#qb_004
preliminary_score_v1,w4_rq01_010,rq01_stellar_classification,0,0.5587,3,hard_negative,wrong_modality,wrong_modality,data/analysis/w4_query_boundary_examples.csv#qb_003
preliminary_score_v1,w4_rq01_016,rq01_stellar_classification,0,0.5587,4,boundary,object_classification_vs_stellar_type,object_classification_vs_stellar_type,data/analysis/w4_query_boundary_examples.csv#qb_006
preliminary_score_v1,w4_rq01_015,rq01_stellar_classification,0,0.5584,5,hard_negative,wrong_modality_and_task,wrong_modality_and_task,data/analysis/w4_query_boundary_examples.csv#qb_005
preliminary_score_v1,w4_rq01_009,rq01_stellar_classification,0,0.5462,6,unclassified,,unclassified,
preliminary_score_v1,w4_rq01_006,rq01_stellar_classification,0,0.5405,7,unclassified,,unclassified,
preliminary_score_v1,w4_rq01_012,rq01_stellar_classification,0,0.5143,8,unclassified,,unclassified,
preliminary_score_v1,w4_rq01_018,rq01_stellar_classification,0,0.5134,9,unclassified,,unclassified,
preliminary_score_v1,w4_rq01_001,rq01_stellar_classification,0,0.5113,10,unclassified,,unclassified,
preliminary_score_v1,w4_rq01_019,rq01_stellar_classification,0,0.5062,11,unclassified,,unclassified,
preliminary_score_v1,w4_rq01_011,rq01_stellar_classification,2,0.4748,12,unclassified,,unclassified,
preliminary_score_v1,w4_rq01_003,rq01_stellar_classification,0,0.4516,13,unclassified,,unclassified,
preliminary_score_v1,w4_rq01_008,rq01_stellar_classification,2,0.4483,14,scope_in,,scope_in,data/analysis/w4_query_boundary_examples.csv#qb_002
preliminary_score_v1,w4_rq01_013,rq01_stellar_classification,0,0.4374,15,unclassified,,unclassified,
preliminary_score_v1,w4_rq01_007,rq01_stellar_classification,0,0.4193,16,unclassified,,unclassified,
preliminary_score_v1,w4_rq01_005,rq01_stellar_classification,0,0.4148,17,unclassified,,unclassified,
preliminary_score_v1,w4_rq01_020,rq01_stellar_classification,0,0.4075,18,unclassified,,unclassified,
preliminary_score_v1,w4_rq01_004,rq01_stellar_classification,2,0.3866,19,scope_in,,scope_in,data/analysis/w4_query_boundary_examples.csv#qb_001
preliminary_score_v1,w4_rq01_017,rq01_stellar_classification,2,0.3742,20,unclassified,,unclassified,
preliminary_score_v1,w4_rq02_012,rq02_stellar_parameters,2,0.4619,1,scope_in,,scope_in,data/analysis/w4_query_boundary_examples.csv#qb_008
preliminary_score_v1,w4_rq02_019,rq02_stellar_parameters,0,0.4592,2,unclassified,,unclassified,
preliminary_score_v1,w4_rq02_007,rq02_stellar_parameters,0,0.4509,3,unclassified,,unclassified,
preliminary_score_v1,w4_rq02_016,rq02_stellar_parameters,1,0.4375,4,unclassified,,unclassified,
preliminary_score_v1,w4_rq02_020,rq02_stellar_parameters,0,0.4333,5,hard_negative,wrong_modality_no_ml,wrong_modality_no_ml,data/analysis/w4_query_boundary_examples.csv#qb_012
preliminary_score_v1,w4_rq02_003,rq02_stellar_parameters,1,0.4085,6,unclassified,,unclassified,
preliminary_score_v1,w4_rq02_005,rq02_stellar_parameters,0,0.404,7,unclassified,,unclassified,
preliminary_score_v1,w4_rq02_008,rq02_stellar_parameters,2,0.3971,8,scope_in,,scope_in,data/analysis/w4_query_boundary_examples.csv#qb_007
preliminary_score_v1,w4_rq02_009,rq02_stellar_parameters,1,0.3968,9,unclassified,,unclassified,
preliminary_score_v1,w4_rq02_015,rq02_stellar_parameters,0,0.3955,10,unclassified,,unclassified,
preliminary_score_v1,w4_rq02_014,rq02_stellar_parameters,0,0.3776,11,hard_negative,classification_vs_regression,classification_vs_regression,data/analysis/w4_query_boundary_examples.csv#qb_011
preliminary_score_v1,w4_rq02_018,rq02_stellar_parameters,2,0.3703,12,scope_in,,scope_in,data/analysis/w4_query_boundary_examples.csv#qb_009
preliminary_score_v1,w4_rq02_013,rq02_stellar_parameters,0,0.3677,13,unclassified,,unclassified,
preliminary_score_v1,w4_rq02_011,rq02_stellar_parameters,0,0.3624,14,unclassified,,unclassified,
preliminary_score_v1,w4_rq02_002,rq02_stellar_parameters,0,0.3547,15,hard_negative,existing_labels_as_input,existing_labels_as_input,data/analysis/w4_query_boundary_examples.csv#qb_010
preliminary_score_v1,w4_rq02_017,rq02_stellar_parameters,2,0.3453,16,unclassified,,unclassified,
preliminary_score_v1,w4_rq02_004,rq02_stellar_parameters,2,0.3369,17,unclassified,,unclassified,
preliminary_score_v1,w4_rq02_006,rq02_stellar_parameters,2,0.3014,18,unclassified,,unclassified,
preliminary_score_v1,w4_rq02_010,rq02_stellar_parameters,0,0.2932,19,unclassified,,unclassified,
preliminary_score_v1,w4_rq02_001,rq02_stellar_parameters,0,0.2594,20,unclassified,,unclassified,
preliminary_score_v1,w4_rq03_003,rq03_spectral_preprocessing,0,0.5901,1,unclassified,,unclassified,
preliminary_score_v1,w4_rq03_020,rq03_spectral_preprocessing,0,0.553,2,unclassified,,unclassified,
preliminary_score_v1,w4_rq03_008,rq03_spectral_preprocessing,0,0.54,3,unclassified,,unclassified,
preliminary_score_v1,w4_rq03_017,rq03_spectral_preprocessing,0,0.5348,4,unclassified,,unclassified,
preliminary_score_v1,w4_rq03_002,rq03_spectral_preprocessing,0,0.5216,5,unclassified,,unclassified,
preliminary_score_v1,w4_rq03_010,rq03_spectral_preprocessing,0,0.5102,6,unclassified,,unclassified,
preliminary_score_v1,w4_rq03_007,rq03_spectral_preprocessing,1,0.487,7,unclassified,,unclassified,
preliminary_score_v1,w4_rq03_019,rq03_spectral_preprocessing,0,0.4651,8,hard_negative,downstream_task,downstream_task,data/analysis/w4_query_boundary_examples.csv#qb_020
preliminary_score_v1,w4_rq03_018,rq03_spectral_preprocessing,0,0.4507,9,hard_negative,wrong_domain,wrong_domain,data/analysis/w4_query_boundary_examples.csv#qb_019
preliminary_score_v1,w4_rq03_014,rq03_spectral_preprocessing,2,0.4205,10,scope_in,,scope_in,data/analysis/w4_query_boundary_examples.csv#qb_013
preliminary_score_v1,w4_rq03_009,rq03_spectral_preprocessing,0,0.4129,11,boundary,generation_vs_preprocessing,generation_vs_preprocessing,data/analysis/w4_query_boundary_examples.csv#qb_014
preliminary_score_v1,w4_rq03_005,rq03_spectral_preprocessing,0,0.4066,12,unclassified,,unclassified,
preliminary_score_v1,w4_rq03_016,rq03_spectral_preprocessing,0,0.3877,13,unclassified,,unclassified,
preliminary_score_v1,w4_rq03_011,rq03_spectral_preprocessing,0,0.3875,14,hard_negative,wrong_object_and_method_name,wrong_object_and_method_name,data/analysis/w4_query_boundary_examples.csv#qb_016
preliminary_score_v1,w4_rq03_015,rq03_spectral_preprocessing,0,0.3748,15,hard_negative,wrong_astronomical_object,wrong_astronomical_object,data/analysis/w4_query_boundary_examples.csv#qb_018
preliminary_score_v1,w4_rq03_013,rq03_spectral_preprocessing,0,0.3727,16,unclassified,,unclassified,
preliminary_score_v1,w4_rq03_012,rq03_spectral_preprocessing,0,0.3703,17,hard_negative,downstream_task,downstream_task,data/analysis/w4_query_boundary_examples.csv#qb_017
preliminary_score_v1,w4_rq03_001,rq03_spectral_preprocessing,0,0.3643,18,unclassified,,unclassified,
preliminary_score_v1,w4_rq03_004,rq03_spectral_preprocessing,0,0.3518,19,unclassified,,unclassified,
preliminary_score_v1,w4_rq03_006,rq03_spectral_preprocessing,0,0.3322,20,hard_negative,wrong_modality,wrong_modality,data/analysis/w4_query_boundary_examples.csv#qb_015
rrf_bm25_specter2_v1,w4_rq01_016,rq01_stellar_classification,0,0.03200204813108039,1,boundary,object_classification_vs_stellar_type,object_classification_vs_stellar_type,data/analysis/w4_query_boundary_examples.csv#qb_006
rrf_bm25_specter2_v1,w4_rq01_001,rq01_stellar_classification,0,0.03131881575727918,2,unclassified,,unclassified,
rrf_bm25_specter2_v1,w4_rq01_015,rq01_stellar_classification,0,0.03128054740957967,3,hard_negative,wrong_modality_and_task,wrong_modality_and_task,data/analysis/w4_query_boundary_examples.csv#qb_005
rrf_bm25_specter2_v1,w4_rq01_019,rq01_stellar_classification,0,0.03047794966520434,4,unclassified,,unclassified,
rrf_bm25_specter2_v1,w4_rq01_017,rq01_stellar_classification,2,0.03015873015873016,5,unclassified,,unclassified,
rrf_bm25_specter2_v1,w4_rq01_009,rq01_stellar_classification,0,0.02970950704225352,6,unclassified,,unclassified,
rrf_bm25_specter2_v1,w4_rq01_011,rq01_stellar_classification,2,0.02967032967032967,7,unclassified,,unclassified,
rrf_bm25_specter2_v1,w4_rq01_008,rq01_stellar_classification,2,0.029631255487269536,8,scope_in,,scope_in,data/analysis/w4_query_boundary_examples.csv#qb_002
rrf_bm25_specter2_v1,w4_rq01_002,rq01_stellar_classification,0,0.029513888888888888,9,unclassified,,unclassified,
rrf_bm25_specter2_v1,w4_rq01_006,rq01_stellar_classification,0,0.029083245521601686,10,unclassified,,unclassified,
rrf_bm25_specter2_v1,w4_rq01_010,rq01_stellar_classification,0,0.028850145288501453,11,hard_negative,wrong_modality,wrong_modality,data/analysis/w4_query_boundary_examples.csv#qb_003
rrf_bm25_specter2_v1,w4_rq01_013,rq01_stellar_classification,0,0.02821939586645469,12,unclassified,,unclassified,
rrf_bm25_specter2_v1,w4_rq01_007,rq01_stellar_classification,0,0.027479766610201392,13,unclassified,,unclassified,
rrf_bm25_specter2_v1,w4_rq01_014,rq01_stellar_classification,0,0.026992753623188405,14,hard_negative,wrong_domain,wrong_domain,data/analysis/w4_query_boundary_examples.csv#qb_004
rrf_bm25_specter2_v1,w4_rq01_004,rq01_stellar_classification,2,0.02667140825035562,15,scope_in,,scope_in,data/analysis/w4_query_boundary_examples.csv#qb_001
rrf_bm25_specter2_v1,w4_rq01_012,rq01_stellar_classification,0,0.026547116736990155,16,unclassified,,unclassified,
rrf_bm25_specter2_v1,w4_rq01_018,rq01_stellar_classification,0,0.026491228070175437,17,unclassified,,unclassified,
rrf_bm25_specter2_v1,w4_rq01_020,rq01_stellar_classification,0,0.026153846153846153,18,unclassified,,unclassified,
rrf_bm25_specter2_v1,w4_rq01_005,rq01_stellar_classification,0,0.02548701298701299,19,unclassified,,unclassified,
rrf_bm25_specter2_v1,w4_rq01_003,rq01_stellar_classification,0,0.025478740668614087,20,unclassified,,unclassified,
rrf_bm25_specter2_v1,w4_rq02_006,rq02_stellar_parameters,2,0.03149801587301587,1,unclassified,,unclassified,
rrf_bm25_specter2_v1,w4_rq02_003,rq02_stellar_parameters,1,0.03131881575727918,2,unclassified,,unclassified,
rrf_bm25_specter2_v1,w4_rq02_008,rq02_stellar_parameters,2,0.03125763125763126,3,scope_in,,scope_in,data/analysis/w4_query_boundary_examples.csv#qb_007
rrf_bm25_specter2_v1,w4_rq02_018,rq02_stellar_parameters,2,0.030834914611005692,4,scope_in,,scope_in,data/analysis/w4_query_boundary_examples.csv#qb_009
rrf_bm25_specter2_v1,w4_rq02_012,rq02_stellar_parameters,2,0.03047794966520434,5,scope_in,,scope_in,data/analysis/w4_query_boundary_examples.csv#qb_008
rrf_bm25_specter2_v1,w4_rq02_017,rq02_stellar_parameters,2,0.030076888285843508,6,unclassified,,unclassified,
rrf_bm25_specter2_v1,w4_rq02_009,rq02_stellar_parameters,1,0.02928692699490662,7,unclassified,,unclassified,
rrf_bm25_specter2_v1,w4_rq02_014,rq02_stellar_parameters,0,0.029138513513513514,8,hard_negative,classification_vs_regression,classification_vs_regression,data/analysis/w4_query_boundary_examples.csv#qb_011
rrf_bm25_specter2_v1,w4_rq02_020,rq02_stellar_parameters,0,0.028717948717948718,9,hard_negative,wrong_modality_no_ml,wrong_modality_no_ml,data/analysis/w4_query_boundary_examples.csv#qb_012
rrf_bm25_specter2_v1,w4_rq02_002,rq02_stellar_parameters,0,0.028404512489927477,10,hard_negative,existing_labels_as_input,existing_labels_as_input,data/analysis/w4_query_boundary_examples.csv#qb_010
rrf_bm25_specter2_v1,w4_rq02_016,rq02_stellar_parameters,1,0.028381642512077296,11,unclassified,,unclassified,
rrf_bm25_specter2_v1,w4_rq02_011,rq02_stellar_parameters,0,0.02800626713670192,12,unclassified,,unclassified,
rrf_bm25_specter2_v1,w4_rq02_015,rq02_stellar_parameters,0,0.027809742999616416,13,unclassified,,unclassified,
rrf_bm25_specter2_v1,w4_rq02_010,rq02_stellar_parameters,0,0.02727272727272727,14,unclassified,,unclassified,
rrf_bm25_specter2_v1,w4_rq02_004,rq02_stellar_parameters,2,0.02722222222222222,15,unclassified,,unclassified,
rrf_bm25_specter2_v1,w4_rq02_005,rq02_stellar_parameters,0,0.027106227106227107,16,unclassified,,unclassified,
rrf_bm25_specter2_v1,w4_rq02_013,rq02_stellar_parameters,0,0.026856524873828405,17,unclassified,,unclassified,
rrf_bm25_specter2_v1,w4_rq02_007,rq02_stellar_parameters,0,0.026742734890354787,18,unclassified,,unclassified,
rrf_bm25_specter2_v1,w4_rq02_001,rq02_stellar_parameters,0,0.025807525807525808,19,unclassified,,unclassified,
rrf_bm25_specter2_v1,w4_rq02_019,rq02_stellar_parameters,0,0.025,20,unclassified,,unclassified,
rrf_bm25_specter2_v1,w4_rq03_014,rq03_spectral_preprocessing,2,0.03278688524590164,1,scope_in,,scope_in,data/analysis/w4_query_boundary_examples.csv#qb_013
rrf_bm25_specter2_v1,w4_rq03_013,rq03_spectral_preprocessing,0,0.030776515151515152,2,unclassified,,unclassified,
rrf_bm25_specter2_v1,w4_rq03_005,rq03_spectral_preprocessing,0,0.030414746543778803,3,unclassified,,unclassified,
rrf_bm25_specter2_v1,w4_rq03_020,rq03_spectral_preprocessing,0,0.03036576949620428,4,unclassified,,unclassified,
rrf_bm25_specter2_v1,w4_rq03_009,rq03_spectral_preprocessing,0,0.03030998851894374,5,boundary,generation_vs_preprocessing,generation_vs_preprocessing,data/analysis/w4_query_boundary_examples.csv#qb_014
rrf_bm25_specter2_v1,w4_rq03_004,rq03_spectral_preprocessing,0,0.029910714285714287,6,unclassified,,unclassified,
rrf_bm25_specter2_v1,w4_rq03_011,rq03_spectral_preprocessing,0,0.02987736900780379,7,hard_negative,wrong_object_and_method_name,wrong_object_and_method_name,data/analysis/w4_query_boundary_examples.csv#qb_016
rrf_bm25_specter2_v1,w4_rq03_012,rq03_spectral_preprocessing,0,0.029857397504456328,8,hard_negative,downstream_task,downstream_task,data/analysis/w4_query_boundary_examples.csv#qb_017
rrf_bm25_specter2_v1,w4_rq03_018,rq03_spectral_preprocessing,0,0.029462365591397848,9,hard_negative,wrong_domain,wrong_domain,data/analysis/w4_query_boundary_examples.csv#qb_019
rrf_bm25_specter2_v1,w4_rq03_019,rq03_spectral_preprocessing,0,0.028404512489927477,10,hard_negative,downstream_task,downstream_task,data/analysis/w4_query_boundary_examples.csv#qb_020
rrf_bm25_specter2_v1,w4_rq03_003,rq03_spectral_preprocessing,0,0.028373015873015873,11,unclassified,,unclassified,
rrf_bm25_specter2_v1,w4_rq03_017,rq03_spectral_preprocessing,0,0.028258706467661692,12,unclassified,,unclassified,
rrf_bm25_specter2_v1,w4_rq03_010,rq03_spectral_preprocessing,0,0.027598020555767034,13,unclassified,,unclassified,
rrf_bm25_specter2_v1,w4_rq03_007,rq03_spectral_preprocessing,1,0.027046783625730993,14,unclassified,,unclassified,
rrf_bm25_specter2_v1,w4_rq03_016,rq03_spectral_preprocessing,0,0.027046783625730993,15,unclassified,,unclassified,
rrf_bm25_specter2_v1,w4_rq03_002,rq03_spectral_preprocessing,0,0.026905019862766343,16,unclassified,,unclassified,
rrf_bm25_specter2_v1,w4_rq03_001,rq03_spectral_preprocessing,0,0.02668564312399929,17,unclassified,,unclassified,
rrf_bm25_specter2_v1,w4_rq03_006,rq03_spectral_preprocessing,0,0.026334026334026334,18,hard_negative,wrong_modality,wrong_modality,data/analysis/w4_query_boundary_examples.csv#qb_015
rrf_bm25_specter2_v1,w4_rq03_008,rq03_spectral_preprocessing,0,0.025645240835114252,19,unclassified,,unclassified,
rrf_bm25_specter2_v1,w4_rq03_015,rq03_spectral_preprocessing,0,0.025158227848101265,20,hard_negative,wrong_astronomical_object,wrong_astronomical_object,data/analysis/w4_query_boundary_examples.csv#qb_018
specter2_adhoc_v1,w4_rq01_001,rq01_stellar_classification,0,-13.7579306798,1,unclassified,,unclassified,
specter2_adhoc_v1,w4_rq01_016,rq01_stellar_classification,0,-13.774555053,2,boundary,object_classification_vs_stellar_type,object_classification_vs_stellar_type,data/analysis/w4_query_boundary_examples.csv#qb_006
specter2_adhoc_v1,w4_rq01_017,rq01_stellar_classification,2,-13.8901305343,3,unclassified,,unclassified,
specter2_adhoc_v1,w4_rq01_009,rq01_stellar_classification,0,-14.215873511,4,unclassified,,unclassified,
specter2_adhoc_v1,w4_rq01_006,rq01_stellar_classification,0,-14.3423859295,5,unclassified,,unclassified,
specter2_adhoc_v1,w4_rq01_015,rq01_stellar_classification,0,-14.3503045287,6,hard_negative,wrong_modality_and_task,wrong_modality_and_task,data/analysis/w4_query_boundary_examples.csv#qb_005
specter2_adhoc_v1,w4_rq01_008,rq01_stellar_classification,2,-14.3924450027,7,scope_in,,scope_in,data/analysis/w4_query_boundary_examples.csv#qb_002
specter2_adhoc_v1,w4_rq01_013,rq01_stellar_classification,0,-14.4821937486,8,unclassified,,unclassified,
specter2_adhoc_v1,w4_rq01_007,rq01_stellar_classification,0,-14.7501841611,9,unclassified,,unclassified,
specter2_adhoc_v1,w4_rq01_011,rq01_stellar_classification,2,-14.7644386455,10,unclassified,,unclassified,
specter2_adhoc_v1,w4_rq01_019,rq01_stellar_classification,0,-14.9544068865,11,unclassified,,unclassified,
specter2_adhoc_v1,w4_rq01_002,rq01_stellar_classification,0,-15.0574095909,12,unclassified,,unclassified,
specter2_adhoc_v1,w4_rq01_010,rq01_stellar_classification,0,-15.4175140493,13,hard_negative,wrong_modality,wrong_modality,data/analysis/w4_query_boundary_examples.csv#qb_003
specter2_adhoc_v1,w4_rq01_004,rq01_stellar_classification,2,-15.7166013969,14,scope_in,,scope_in,data/analysis/w4_query_boundary_examples.csv#qb_001
specter2_adhoc_v1,w4_rq01_020,rq01_stellar_classification,0,-16.2701392491,15,unclassified,,unclassified,
specter2_adhoc_v1,w4_rq01_018,rq01_stellar_classification,0,-16.4422780991,16,unclassified,,unclassified,
specter2_adhoc_v1,w4_rq01_005,rq01_stellar_classification,0,-16.4439749254,17,unclassified,,unclassified,
specter2_adhoc_v1,w4_rq01_003,rq01_stellar_classification,0,-16.6147913374,18,unclassified,,unclassified,
specter2_adhoc_v1,w4_rq01_012,rq01_stellar_classification,0,-16.957222014,19,unclassified,,unclassified,
specter2_adhoc_v1,w4_rq01_014,rq01_stellar_classification,0,-17.1302362391,20,hard_negative,wrong_domain,wrong_domain,data/analysis/w4_query_boundary_examples.csv#qb_004
specter2_adhoc_v1,w4_rq02_012,rq02_stellar_parameters,2,-14.1710883574,1,scope_in,,scope_in,data/analysis/w4_query_boundary_examples.csv#qb_008
specter2_adhoc_v1,w4_rq02_009,rq02_stellar_parameters,1,-14.387245522,2,unclassified,,unclassified,
specter2_adhoc_v1,w4_rq02_006,rq02_stellar_parameters,2,-15.1952746393,3,unclassified,,unclassified,
specter2_adhoc_v1,w4_rq02_014,rq02_stellar_parameters,0,-15.2917706946,4,hard_negative,classification_vs_regression,classification_vs_regression,data/analysis/w4_query_boundary_examples.csv#qb_011
specter2_adhoc_v1,w4_rq02_008,rq02_stellar_parameters,2,-15.2921147203,5,scope_in,,scope_in,data/analysis/w4_query_boundary_examples.csv#qb_007
specter2_adhoc_v1,w4_rq02_017,rq02_stellar_parameters,2,-15.5790214486,6,unclassified,,unclassified,
specter2_adhoc_v1,w4_rq02_003,rq02_stellar_parameters,1,-15.6179925885,7,unclassified,,unclassified,
specter2_adhoc_v1,w4_rq02_018,rq02_stellar_parameters,2,-15.7558400374,8,scope_in,,scope_in,data/analysis/w4_query_boundary_examples.csv#qb_009
specter2_adhoc_v1,w4_rq02_016,rq02_stellar_parameters,1,-15.9247467449,9,unclassified,,unclassified,
specter2_adhoc_v1,w4_rq02_010,rq02_stellar_parameters,0,-16.072678383,10,unclassified,,unclassified,
specter2_adhoc_v1,w4_rq02_007,rq02_stellar_parameters,0,-16.1458567538,11,unclassified,,unclassified,
specter2_adhoc_v1,w4_rq02_004,rq02_stellar_parameters,2,-16.2341322863,12,unclassified,,unclassified,
specter2_adhoc_v1,w4_rq02_002,rq02_stellar_parameters,0,-16.2373627678,13,hard_negative,existing_labels_as_input,existing_labels_as_input,data/analysis/w4_query_boundary_examples.csv#qb_010
specter2_adhoc_v1,w4_rq02_011,rq02_stellar_parameters,0,-16.2373628329,14,unclassified,,unclassified,
specter2_adhoc_v1,w4_rq02_020,rq02_stellar_parameters,0,-16.2760890915,15,hard_negative,wrong_modality_no_ml,wrong_modality_no_ml,data/analysis/w4_query_boundary_examples.csv#qb_012
specter2_adhoc_v1,w4_rq02_013,rq02_stellar_parameters,0,-16.3251244096,16,unclassified,,unclassified,
specter2_adhoc_v1,w4_rq02_001,rq02_stellar_parameters,0,-16.4770889867,17,unclassified,,unclassified,
specter2_adhoc_v1,w4_rq02_005,rq02_stellar_parameters,0,-16.9535007163,18,unclassified,,unclassified,
specter2_adhoc_v1,w4_rq02_015,rq02_stellar_parameters,0,-17.0098128374,19,unclassified,,unclassified,
specter2_adhoc_v1,w4_rq02_019,rq02_stellar_parameters,0,-17.6552854389,20,unclassified,,unclassified,
specter2_adhoc_v1,w4_rq03_014,rq03_spectral_preprocessing,2,-14.3097528022,1,scope_in,,scope_in,data/analysis/w4_query_boundary_examples.csv#qb_013
specter2_adhoc_v1,w4_rq03_005,rq03_spectral_preprocessing,0,-14.7408293279,2,unclassified,,unclassified,
specter2_adhoc_v1,w4_rq03_020,rq03_spectral_preprocessing,0,-15.1155101753,3,unclassified,,unclassified,
specter2_adhoc_v1,w4_rq03_013,rq03_spectral_preprocessing,0,-15.1656111086,4,unclassified,,unclassified,
specter2_adhoc_v1,w4_rq03_009,rq03_spectral_preprocessing,0,-15.1687240431,5,boundary,generation_vs_preprocessing,generation_vs_preprocessing,data/analysis/w4_query_boundary_examples.csv#qb_014
specter2_adhoc_v1,w4_rq03_012,rq03_spectral_preprocessing,0,-15.2052860009,6,hard_negative,downstream_task,downstream_task,data/analysis/w4_query_boundary_examples.csv#qb_017
specter2_adhoc_v1,w4_rq03_017,rq03_spectral_preprocessing,0,-15.8188889259,7,unclassified,,unclassified,
specter2_adhoc_v1,w4_rq03_019,rq03_spectral_preprocessing,0,-15.8316931735,8,hard_negative,downstream_task,downstream_task,data/analysis/w4_query_boundary_examples.csv#qb_020
specter2_adhoc_v1,w4_rq03_011,rq03_spectral_preprocessing,0,-15.9349590325,9,hard_negative,wrong_object_and_method_name,wrong_object_and_method_name,data/analysis/w4_query_boundary_examples.csv#qb_016
specter2_adhoc_v1,w4_rq03_004,rq03_spectral_preprocessing,0,-15.9349593231,10,unclassified,,unclassified,
specter2_adhoc_v1,w4_rq03_010,rq03_spectral_preprocessing,0,-16.0900960964,11,unclassified,,unclassified,
specter2_adhoc_v1,w4_rq03_007,rq03_spectral_preprocessing,1,-16.2761755568,12,unclassified,,unclassified,
specter2_adhoc_v1,w4_rq03_001,rq03_spectral_preprocessing,0,-16.4082756147,13,unclassified,,unclassified,
specter2_adhoc_v1,w4_rq03_006,rq03_spectral_preprocessing,0,-16.4434202635,14,hard_negative,wrong_modality,wrong_modality,data/analysis/w4_query_boundary_examples.csv#qb_015
specter2_adhoc_v1,w4_rq03_018,rq03_spectral_preprocessing,0,-16.6102136936,15,hard_negative,wrong_domain,wrong_domain,data/analysis/w4_query_boundary_examples.csv#qb_019
specter2_adhoc_v1,w4_rq03_016,rq03_spectral_preprocessing,0,-16.7880999324,16,unclassified,,unclassified,
specter2_adhoc_v1,w4_rq03_008,rq03_spectral_preprocessing,0,-17.0022090619,17,unclassified,,unclassified,
specter2_adhoc_v1,w4_rq03_002,rq03_spectral_preprocessing,0,-17.0497251623,18,unclassified,,unclassified,
specter2_adhoc_v1,w4_rq03_015,rq03_spectral_preprocessing,0,-17.0737947955,19,hard_negative,wrong_astronomical_object,wrong_astronomical_object,data/analysis/w4_query_boundary_examples.csv#qb_018
specter2_adhoc_v1,w4_rq03_003,rq03_spectral_preprocessing,0,-17.6411105553,20,unclassified,,unclassified,
tfidf_two_stage_v1,w4_rq01_001,rq01_stellar_classification,0,0.5192,1,unclassified,,unclassified,
tfidf_two_stage_v1,w4_rq01_016,rq01_stellar_classification,0,0.406,2,boundary,object_classification_vs_stellar_type,object_classification_vs_stellar_type,data/analysis/w4_query_boundary_examples.csv#qb_006
tfidf_two_stage_v1,w4_rq01_015,rq01_stellar_classification,0,0.4002,3,hard_negative,wrong_modality_and_task,wrong_modality_and_task,data/analysis/w4_query_boundary_examples.csv#qb_005
tfidf_two_stage_v1,w4_rq01_019,rq01_stellar_classification,0,0.3916,4,unclassified,,unclassified,
tfidf_two_stage_v1,w4_rq01_006,rq01_stellar_classification,0,0.3373,5,unclassified,,unclassified,
tfidf_two_stage_v1,w4_rq01_012,rq01_stellar_classification,0,0.3332,6,unclassified,,unclassified,
tfidf_two_stage_v1,w4_rq01_014,rq01_stellar_classification,0,0.3265,7,hard_negative,wrong_domain,wrong_domain,data/analysis/w4_query_boundary_examples.csv#qb_004
tfidf_two_stage_v1,w4_rq01_002,rq01_stellar_classification,0,0.3215,8,unclassified,,unclassified,
tfidf_two_stage_v1,w4_rq01_018,rq01_stellar_classification,0,0.3149,9,unclassified,,unclassified,
tfidf_two_stage_v1,w4_rq01_009,rq01_stellar_classification,0,0.3145,10,unclassified,,unclassified,
tfidf_two_stage_v1,w4_rq01_003,rq01_stellar_classification,0,0.3101,11,unclassified,,unclassified,
tfidf_two_stage_v1,w4_rq01_010,rq01_stellar_classification,0,0.3082,12,hard_negative,wrong_modality,wrong_modality,data/analysis/w4_query_boundary_examples.csv#qb_003
tfidf_two_stage_v1,w4_rq01_008,rq01_stellar_classification,2,0.2984,13,scope_in,,scope_in,data/analysis/w4_query_boundary_examples.csv#qb_002
tfidf_two_stage_v1,w4_rq01_007,rq01_stellar_classification,0,0.2972,14,unclassified,,unclassified,
tfidf_two_stage_v1,w4_rq01_020,rq01_stellar_classification,0,0.2779,15,unclassified,,unclassified,
tfidf_two_stage_v1,w4_rq01_011,rq01_stellar_classification,2,0.2643,16,unclassified,,unclassified,
tfidf_two_stage_v1,w4_rq01_013,rq01_stellar_classification,0,0.259,17,unclassified,,unclassified,
tfidf_two_stage_v1,w4_rq01_004,rq01_stellar_classification,2,0.2437,18,scope_in,,scope_in,data/analysis/w4_query_boundary_examples.csv#qb_001
tfidf_two_stage_v1,w4_rq01_017,rq01_stellar_classification,2,0.2313,19,unclassified,,unclassified,
tfidf_two_stage_v1,w4_rq01_005,rq01_stellar_classification,0,0.1762,20,unclassified,,unclassified,
tfidf_two_stage_v1,w4_rq02_008,rq02_stellar_parameters,2,0.3621,1,scope_in,,scope_in,data/analysis/w4_query_boundary_examples.csv#qb_007
tfidf_two_stage_v1,w4_rq02_012,rq02_stellar_parameters,2,0.3109,2,scope_in,,scope_in,data/analysis/w4_query_boundary_examples.csv#qb_008
tfidf_two_stage_v1,w4_rq02_015,rq02_stellar_parameters,0,0.295,3,unclassified,,unclassified,
tfidf_two_stage_v1,w4_rq02_014,rq02_stellar_parameters,0,0.2788,4,hard_negative,classification_vs_regression,classification_vs_regression,data/analysis/w4_query_boundary_examples.csv#qb_011
tfidf_two_stage_v1,w4_rq02_003,rq02_stellar_parameters,1,0.2643,5,unclassified,,unclassified,
tfidf_two_stage_v1,w4_rq02_013,rq02_stellar_parameters,0,0.2509,6,unclassified,,unclassified,
tfidf_two_stage_v1,w4_rq02_006,rq02_stellar_parameters,2,0.2376,7,unclassified,,unclassified,
tfidf_two_stage_v1,w4_rq02_004,rq02_stellar_parameters,2,0.2243,8,unclassified,,unclassified,
tfidf_two_stage_v1,w4_rq02_017,rq02_stellar_parameters,2,0.2205,9,unclassified,,unclassified,
tfidf_two_stage_v1,w4_rq02_019,rq02_stellar_parameters,0,0.1971,10,unclassified,,unclassified,
tfidf_two_stage_v1,w4_rq02_007,rq02_stellar_parameters,0,0.191,11,unclassified,,unclassified,
tfidf_two_stage_v1,w4_rq02_020,rq02_stellar_parameters,0,0.1812,12,hard_negative,wrong_modality_no_ml,wrong_modality_no_ml,data/analysis/w4_query_boundary_examples.csv#qb_012
tfidf_two_stage_v1,w4_rq02_016,rq02_stellar_parameters,1,0.1735,13,unclassified,,unclassified,
tfidf_two_stage_v1,w4_rq02_009,rq02_stellar_parameters,1,0.1607,14,unclassified,,unclassified,
tfidf_two_stage_v1,w4_rq02_005,rq02_stellar_parameters,0,0.1554,15,unclassified,,unclassified,
tfidf_two_stage_v1,w4_rq02_011,rq02_stellar_parameters,0,0.1431,16,unclassified,,unclassified,
tfidf_two_stage_v1,w4_rq02_002,rq02_stellar_parameters,0,0.14,17,hard_negative,existing_labels_as_input,existing_labels_as_input,data/analysis/w4_query_boundary_examples.csv#qb_010
tfidf_two_stage_v1,w4_rq02_018,rq02_stellar_parameters,2,0.1342,18,scope_in,,scope_in,data/analysis/w4_query_boundary_examples.csv#qb_009
tfidf_two_stage_v1,w4_rq02_010,rq02_stellar_parameters,0,0.1268,19,unclassified,,unclassified,
tfidf_two_stage_v1,w4_rq02_001,rq02_stellar_parameters,0,0.1137,20,unclassified,,unclassified,
tfidf_two_stage_v1,w4_rq03_020,rq03_spectral_preprocessing,0,0.5081,1,unclassified,,unclassified,
tfidf_two_stage_v1,w4_rq03_014,rq03_spectral_preprocessing,2,0.4263,2,scope_in,,scope_in,data/analysis/w4_query_boundary_examples.csv#qb_013
tfidf_two_stage_v1,w4_rq03_003,rq03_spectral_preprocessing,0,0.39,3,unclassified,,unclassified,
tfidf_two_stage_v1,w4_rq03_010,rq03_spectral_preprocessing,0,0.3421,4,unclassified,,unclassified,
tfidf_two_stage_v1,w4_rq03_002,rq03_spectral_preprocessing,0,0.3388,5,unclassified,,unclassified,
tfidf_two_stage_v1,w4_rq03_007,rq03_spectral_preprocessing,1,0.3249,6,unclassified,,unclassified,
tfidf_two_stage_v1,w4_rq03_019,rq03_spectral_preprocessing,0,0.3032,7,hard_negative,downstream_task,downstream_task,data/analysis/w4_query_boundary_examples.csv#qb_020
tfidf_two_stage_v1,w4_rq03_011,rq03_spectral_preprocessing,0,0.2818,8,hard_negative,wrong_object_and_method_name,wrong_object_and_method_name,data/analysis/w4_query_boundary_examples.csv#qb_016
tfidf_two_stage_v1,w4_rq03_013,rq03_spectral_preprocessing,0,0.2745,9,unclassified,,unclassified,
tfidf_two_stage_v1,w4_rq03_009,rq03_spectral_preprocessing,0,0.2698,10,boundary,generation_vs_preprocessing,generation_vs_preprocessing,data/analysis/w4_query_boundary_examples.csv#qb_014
tfidf_two_stage_v1,w4_rq03_005,rq03_spectral_preprocessing,0,0.2577,11,unclassified,,unclassified,
tfidf_two_stage_v1,w4_rq03_004,rq03_spectral_preprocessing,0,0.2557,12,unclassified,,unclassified,
tfidf_two_stage_v1,w4_rq03_012,rq03_spectral_preprocessing,0,0.2362,13,hard_negative,downstream_task,downstream_task,data/analysis/w4_query_boundary_examples.csv#qb_017
tfidf_two_stage_v1,w4_rq03_008,rq03_spectral_preprocessing,0,0.2275,14,unclassified,,unclassified,
tfidf_two_stage_v1,w4_rq03_017,rq03_spectral_preprocessing,0,0.2189,15,unclassified,,unclassified,
tfidf_two_stage_v1,w4_rq03_018,rq03_spectral_preprocessing,0,0.1712,16,hard_negative,wrong_domain,wrong_domain,data/analysis/w4_query_boundary_examples.csv#qb_019
tfidf_two_stage_v1,w4_rq03_001,rq03_spectral_preprocessing,0,0.1586,17,unclassified,,unclassified,
tfidf_two_stage_v1,w4_rq03_016,rq03_spectral_preprocessing,0,0.1583,18,unclassified,,unclassified,
tfidf_two_stage_v1,w4_rq03_015,rq03_spectral_preprocessing,0,0.1578,19,hard_negative,wrong_astronomical_object,wrong_astronomical_object,data/analysis/w4_query_boundary_examples.csv#qb_018
tfidf_two_stage_v1,w4_rq03_006,rq03_spectral_preprocessing,0,0.1425,20,hard_negative,wrong_modality,wrong_modality,data/analysis/w4_query_boundary_examples.csv#qb_015
