pair_id,research_query_id,acquisition_query_id,openalex_id,title,doi,landing_page_url,source_query_ids,source_run_ids,openalex_id_status,doi_missing,abstract_missing,landing_page_url_missing,source_query_ids_status,source_run_ids_status,expected_acquisition_query_in_source_query_ids,metadata_matches_source,cross_rq_paper,cross_rq_research_query_ids,provenance_status,annotation_evidence_note,audit_note
w4_rq01_001,rq01_stellar_classification,q02_classification,https://openalex.org/W4293191352,Stellar Classification by Machine Learning,10.1051/shsconf/202214403006,https://doi.org/10.1051/shsconf/202214403006,"[""q02_classification""]","[""20260808_144344224124_live_pr31-q01_stellar-spectrum-spectral-classification-machine_n30_dae3d3""]",ok,false,false,false,ok,ok,true,true,false,[],ok,,
w4_rq01_002,rq01_stellar_classification,q02_classification,https://openalex.org/W2778437674,Machine learning technique for morphological classification of galaxies from the SDSS,10.1051/0004-6361/202038981,https://doi.org/10.1051/0004-6361/202038981,"[""q02_classification""]","[""20260808_144344224124_live_pr31-q01_stellar-spectrum-spectral-classification-machine_n30_dae3d3""]",ok,false,false,false,ok,ok,true,true,false,[],ok,,
w4_rq01_003,rq01_stellar_classification,q02_classification,https://openalex.org/W3113695400,Stellar chromospheric activity of 1674 FGK stars from the AMBRE-HARPS sample,10.1051/0004-6361/202039765,https://doi.org/10.1051/0004-6361/202039765,"[""q02_classification"",""q03_parameters""]","[""20260808_144344224124_live_pr31-q01_stellar-spectrum-spectral-classification-machine_n30_dae3d3"",""20260808_144349256507_live_pr31-q02_stellar-spectrum-effective-temperature-surface-g_n30_3f6cf2""]",ok,false,false,false,ok,ok,true,true,false,[],ok,,
w4_rq01_004,rq01_stellar_classification,q02_classification,https://openalex.org/W2567715800,The Galah Survey: Classification and Diagnostics with t-SNE Reduction of Spectral Information,10.3847/1538-4365/228/2/24,https://doi.org/10.3847/1538-4365/228/2/24,"[""q02_classification""]","[""20260808_144344224124_live_pr31-q01_stellar-spectrum-spectral-classification-machine_n30_dae3d3""]",ok,false,false,false,ok,ok,true,true,false,[],ok,,
w4_rq01_005,rq01_stellar_classification,q02_classification,https://openalex.org/W2006224949,Prevalence of Earth-size planets orbiting Sun-like stars,10.1073/pnas.1319909110,https://doi.org/10.1073/pnas.1319909110,"[""q02_classification"",""q03_parameters""]","[""20260808_144344224124_live_pr31-q01_stellar-spectrum-spectral-classification-machine_n30_dae3d3"",""20260808_144349256507_live_pr31-q02_stellar-spectrum-effective-temperature-surface-g_n30_3f6cf2""]",ok,false,false,false,ok,ok,true,true,false,[],ok,,
w4_rq01_006,rq01_stellar_classification,q02_classification,https://openalex.org/W4384201335,Machine learning in solar physics,10.1007/s41116-023-00038-x,https://doi.org/10.1007/s41116-023-00038-x,"[""q02_classification"",""q04_preprocessing""]","[""20260808_144344224124_live_pr31-q01_stellar-spectrum-spectral-classification-machine_n30_dae3d3"",""20260808_144352575552_live_pr31-q03_stellar-spectrum-spectral-denoising-normalizatio_n30_e4e706""]",ok,false,false,false,ok,ok,true,true,true,"[""rq01_stellar_classification"",""rq03_spectral_preprocessing""]",ok,,跨 Research Query 共现；来源记录一致，relevance 仍需按各 Query 独立判断。
w4_rq01_007,rq01_stellar_classification,q02_classification,https://openalex.org/W1663830336,<i>THE CANNON</i>: A DATA-DRIVEN APPROACH TO STELLAR LABEL DETERMINATION,10.1088/0004-637x/808/1/16,https://doi.org/10.1088/0004-637x/808/1/16,"[""q02_classification""]","[""20260808_144344224124_live_pr31-q01_stellar-spectrum-spectral-classification-machine_n30_dae3d3""]",ok,false,false,false,ok,ok,true,true,false,[],ok,,
w4_rq01_008,rq01_stellar_classification,q02_classification,https://openalex.org/W2921395996,Stellar spectral classification and feature evaluation based on a random forest,10.1088/1674-4527/19/8/111,https://doi.org/10.1088/1674-4527/19/8/111,"[""q02_classification""]","[""20260808_144344224124_live_pr31-q01_stellar-spectrum-spectral-classification-machine_n30_dae3d3""]",ok,false,false,false,ok,ok,true,true,false,[],ok,,
w4_rq01_009,rq01_stellar_classification,q02_classification,https://openalex.org/W3043645409,The miniJPAS survey: star-galaxy classification using machine learning,10.1051/0004-6361/202038986,https://doi.org/10.1051/0004-6361/202038986,"[""q02_classification""]","[""20260808_144344224124_live_pr31-q01_stellar-spectrum-spectral-classification-machine_n30_dae3d3""]",ok,false,false,false,ok,ok,true,true,false,[],ok,,
w4_rq01_010,rq01_stellar_classification,q02_classification,https://openalex.org/W3121170300,ROOSTER: a machine-learning analysis tool for <i>Kepler</i> stellar rotation periods,10.1051/0004-6361/202039947,https://doi.org/10.1051/0004-6361/202039947,"[""q02_classification""]","[""20260808_144344224124_live_pr31-q01_stellar-spectrum-spectral-classification-machine_n30_dae3d3""]",ok,false,false,false,ok,ok,true,true,false,[],ok,,
w4_rq01_011,rq01_stellar_classification,q02_classification,https://openalex.org/W2777402735,Carbon Stars Identified from LAMOST DR4 Using Machine Learning,10.3847/1538-4365/aaa415,https://doi.org/10.3847/1538-4365/aaa415,"[""q02_classification"",""q03_parameters""]","[""20260808_144344224124_live_pr31-q01_stellar-spectrum-spectral-classification-machine_n30_dae3d3"",""20260808_144349256507_live_pr31-q02_stellar-spectrum-effective-temperature-surface-g_n30_3f6cf2""]",ok,false,false,false,ok,ok,true,true,true,"[""rq01_stellar_classification"",""rq02_stellar_parameters""]",ok,,跨 Research Query 共现；来源记录一致，relevance 仍需按各 Query 独立判断。
w4_rq01_012,rq01_stellar_classification,q02_classification,https://openalex.org/W2406349003,A survey of machine learning for big data processing,10.1186/s13634-016-0355-x,https://doi.org/10.1186/s13634-016-0355-x,"[""q02_classification""]","[""20260808_144344224124_live_pr31-q01_stellar-spectrum-spectral-classification-machine_n30_dae3d3""]",ok,false,false,false,ok,ok,true,true,false,[],ok,,
w4_rq01_013,rq01_stellar_classification,q02_classification,https://openalex.org/W2127375519,A MACHINE-LEARNING METHOD TO INFER FUNDAMENTAL STELLAR PARAMETERS FROM PHOTOMETRIC LIGHT CURVES,10.1088/0004-637x/798/2/122,https://doi.org/10.1088/0004-637x/798/2/122,"[""q02_classification""]","[""20260808_144344224124_live_pr31-q01_stellar-spectrum-spectral-classification-machine_n30_dae3d3""]",ok,false,false,false,ok,ok,true,true,false,[],ok,,
w4_rq01_014,rq01_stellar_classification,q02_classification,https://openalex.org/W3155899199,Machine Learning Based Automatic Modulation Recognition for Wireless Communications: A Comprehensive Survey,10.1109/access.2021.3071801,https://doi.org/10.1109/access.2021.3071801,"[""q02_classification"",""q04_preprocessing""]","[""20260808_144344224124_live_pr31-q01_stellar-spectrum-spectral-classification-machine_n30_dae3d3"",""20260808_144352575552_live_pr31-q03_stellar-spectrum-spectral-denoising-normalizatio_n30_e4e706""]",ok,false,false,false,ok,ok,true,true,true,"[""rq01_stellar_classification"",""rq03_spectral_preprocessing""]",ok,,跨 Research Query 共现；来源记录一致，relevance 仍需按各 Query 独立判断。
w4_rq01_015,rq01_stellar_classification,q02_classification,https://openalex.org/W2899864468,Machine Learning Applied to Star–Galaxy–QSO Classification and Stellar Effective Temperature Regression,10.3847/1538-3881/aaf009,https://doi.org/10.3847/1538-3881/aaf009,"[""q02_classification""]","[""20260808_144344224124_live_pr31-q01_stellar-spectrum-spectral-classification-machine_n30_dae3d3""]",ok,false,false,false,ok,ok,true,true,false,[],ok,,
w4_rq01_016,rq01_stellar_classification,q02_classification,https://openalex.org/W4312712330,Experimental Analysis of Stellar Classification by using Different Machine Learning Algorithms,10.1109/i4tech55392.2022.9952964,https://doi.org/10.1109/i4tech55392.2022.9952964,"[""q02_classification""]","[""20260808_144344224124_live_pr31-q01_stellar-spectrum-spectral-classification-machine_n30_dae3d3""]",ok,false,false,false,ok,ok,true,true,false,[],ok,,
w4_rq01_017,rq01_stellar_classification,q02_classification,https://openalex.org/W2078829410,Classification of Spectra of Emission Line Stars Using Machine Learning Techniques,10.1007/s11633-014-0789-2,https://doi.org/10.1007/s11633-014-0789-2,"[""q02_classification""]","[""20260808_144344224124_live_pr31-q01_stellar-spectrum-spectral-classification-machine_n30_dae3d3""]",ok,false,true,false,ok,ok,true,true,false,[],ok,摘要缺失；若标题不足，应升级到可靠外部页面核验。,
w4_rq01_018,rq01_stellar_classification,q02_classification,https://openalex.org/W4306248068,"Machine learning in electron microscopy for advanced nanocharacterization: current developments, available tools and future outlook",10.1039/d2nh00377e,https://doi.org/10.1039/d2nh00377e,"[""q02_classification""]","[""20260808_144344224124_live_pr31-q01_stellar-spectrum-spectral-classification-machine_n30_dae3d3""]",ok,false,false,false,ok,ok,true,true,false,[],ok,,
w4_rq01_019,rq01_stellar_classification,q02_classification,https://openalex.org/W2375984290,Stellar classification from single-band imaging using machine learning,10.1051/0004-6361/201628660,https://doi.org/10.1051/0004-6361/201628660,"[""q02_classification""]","[""20260808_144344224124_live_pr31-q01_stellar-spectrum-spectral-classification-machine_n30_dae3d3""]",ok,false,false,false,ok,ok,true,true,false,[],ok,,
w4_rq01_020,rq01_stellar_classification,q02_classification,https://openalex.org/W2611629499,X-rays across the galaxy population – II. The distribution of AGN accretion rates as a function of stellar mass and redshift,10.1093/mnras/stx2700,https://doi.org/10.1093/mnras/stx2700,"[""q02_classification""]","[""20260808_144344224124_live_pr31-q01_stellar-spectrum-spectral-classification-machine_n30_dae3d3""]",ok,false,false,false,ok,ok,true,true,false,[],ok,,
w4_rq02_001,rq02_stellar_parameters,q03_parameters,https://openalex.org/W1653774948,Nucleosynthesis in Stellar Explosions,10.1007/978-94-009-6348-1_22,https://doi.org/10.1007/978-94-009-6348-1_22,"[""q03_parameters""]","[""20260808_144349256507_live_pr31-q02_stellar-spectrum-effective-temperature-surface-g_n30_3f6cf2""]",ok,false,true,false,ok,ok,true,true,false,[],ok,摘要缺失；若标题不足，应升级到可靠外部页面核验。,
w4_rq02_002,rq02_stellar_parameters,q03_parameters,https://openalex.org/W3106471209,Dissecting stellar chemical abundance space with t-SNE,10.1051/0004-6361/201833099/pdf,http://hdl.handle.net/10183/204135,"[""q03_parameters""]","[""20260808_144349256507_live_pr31-q02_stellar-spectrum-effective-temperature-surface-g_n30_3f6cf2""]",ok,false,false,false,ok,ok,true,true,false,[],ok,,
w4_rq02_003,rq02_stellar_parameters,q03_parameters,https://openalex.org/W2594445930,"An Empirical Template Library of Stellar Spectra for a Wide Range of Spectral Classes, Luminosity Classes, and Metallicities Using SDSS BOSS Spectra",10.3847/1538-4365/aa656d,https://doi.org/10.3847/1538-4365/aa656d,"[""q02_classification"",""q03_parameters""]","[""20260808_144344224124_live_pr31-q01_stellar-spectrum-spectral-classification-machine_n30_dae3d3"",""20260808_144349256507_live_pr31-q02_stellar-spectrum-effective-temperature-surface-g_n30_3f6cf2""]",ok,false,false,false,ok,ok,true,true,false,[],ok,,
w4_rq02_004,rq02_stellar_parameters,q03_parameters,https://openalex.org/W2211251945,Stellar parametrization from<i>Gaia</i>RVS spectra,10.1051/0004-6361/201425030,https://doi.org/10.1051/0004-6361/201425030,"[""q03_parameters""]","[""20260808_144349256507_live_pr31-q02_stellar-spectrum-effective-temperature-surface-g_n30_3f6cf2""]",ok,false,false,false,ok,ok,true,true,false,[],ok,,
w4_rq02_005,rq02_stellar_parameters,q03_parameters,https://openalex.org/W3107253413,Investigating the young AU Mic system with SPIRou: large-scale stellar magnetic field and close-in planet mass,10.1093/mnras/staa3702,https://doi.org/10.1093/mnras/staa3702,"[""q03_parameters""]","[""20260808_144349256507_live_pr31-q02_stellar-spectrum-effective-temperature-surface-g_n30_3f6cf2""]",ok,false,false,false,ok,ok,true,true,false,[],ok,,
w4_rq02_006,rq02_stellar_parameters,q03_parameters,https://openalex.org/W2043055070,A PCA approach to stellar effective temperatures,10.1051/0004-6361/201220961,https://doi.org/10.1051/0004-6361/201220961,"[""q03_parameters""]","[""20260808_144349256507_live_pr31-q02_stellar-spectrum-effective-temperature-surface-g_n30_3f6cf2""]",ok,false,false,false,ok,ok,true,true,false,[],ok,,
w4_rq02_007,rq02_stellar_parameters,q03_parameters,https://openalex.org/W2797439311,Binary Companions of Evolved Stars in APOGEE DR14: Search Method and Catalog of ∼5000 Companions,10.3847/1538-3881/aac387,https://doi.org/10.3847/1538-3881/aac387,"[""q03_parameters""]","[""20260808_144349256507_live_pr31-q02_stellar-spectrum-effective-temperature-surface-g_n30_3f6cf2""]",ok,false,false,false,ok,ok,true,true,false,[],ok,,
w4_rq02_008,rq02_stellar_parameters,q03_parameters,https://openalex.org/W2032231736,Estimation of stellar atmospheric parameters from SDSS/SEGUE spectra,10.1051/0004-6361:20077334,https://doi.org/10.1051/0004-6361:20077334,"[""q03_parameters""]","[""20260808_144349256507_live_pr31-q02_stellar-spectrum-effective-temperature-surface-g_n30_3f6cf2""]",ok,false,false,false,ok,ok,true,true,false,[],ok,,
w4_rq02_009,rq02_stellar_parameters,q03_parameters,https://openalex.org/W2900811782,Accuracy and Precision of Industrial Stellar Abundances,10.1146/annurev-astro-091918-104509,https://doi.org/10.1146/annurev-astro-091918-104509,"[""q03_parameters""]","[""20260808_144349256507_live_pr31-q02_stellar-spectrum-effective-temperature-surface-g_n30_3f6cf2""]",ok,false,false,false,ok,ok,true,true,false,[],ok,,
w4_rq02_010,rq02_stellar_parameters,q03_parameters,https://openalex.org/W2072609734,A Gemini ground-based transmission spectrum of WASP-29b: a featureless spectrum from 515 to 720 nm,10.1093/mnras/sts307,https://doi.org/10.1093/mnras/sts307,"[""q03_parameters""]","[""20260808_144349256507_live_pr31-q02_stellar-spectrum-effective-temperature-surface-g_n30_3f6cf2""]",ok,false,false,false,ok,ok,true,true,false,[],ok,,
w4_rq02_011,rq02_stellar_parameters,q03_parameters,https://openalex.org/W2795071146,Dissecting stellar chemical abundance space with t-SNE,10.1051/0004-6361/201833099,https://doi.org/10.1051/0004-6361/201833099,"[""q03_parameters""]","[""20260808_144349256507_live_pr31-q02_stellar-spectrum-effective-temperature-surface-g_n30_3f6cf2""]",ok,false,false,false,ok,ok,true,true,false,[],ok,,
w4_rq02_012,rq02_stellar_parameters,q03_parameters,https://openalex.org/W2969434441,Deriving the Stellar Labels of LAMOST Spectra with the Stellar LAbel Machine (SLAM),10.3847/1538-4365/ab55ef,https://doi.org/10.3847/1538-4365/ab55ef,"[""q03_parameters""]","[""20260808_144349256507_live_pr31-q02_stellar-spectrum-effective-temperature-surface-g_n30_3f6cf2""]",ok,false,false,false,ok,ok,true,true,false,[],ok,,
w4_rq02_013,rq02_stellar_parameters,q03_parameters,https://openalex.org/W2139768786,Oscillation frequencies for 35<i>Kepler</i>solar-type planet-hosting stars using Bayesian techniques and machine learning,10.1093/mnras/stv2593,https://doi.org/10.1093/mnras/stv2593,"[""q02_classification"",""q03_parameters""]","[""20260808_144344224124_live_pr31-q01_stellar-spectrum-spectral-classification-machine_n30_dae3d3"",""20260808_144349256507_live_pr31-q02_stellar-spectrum-effective-temperature-surface-g_n30_3f6cf2""]",ok,false,false,false,ok,ok,true,true,false,[],ok,,
w4_rq02_014,rq02_stellar_parameters,q03_parameters,https://openalex.org/W2777402735,Carbon Stars Identified from LAMOST DR4 Using Machine Learning,10.3847/1538-4365/aaa415,https://doi.org/10.3847/1538-4365/aaa415,"[""q02_classification"",""q03_parameters""]","[""20260808_144344224124_live_pr31-q01_stellar-spectrum-spectral-classification-machine_n30_dae3d3"",""20260808_144349256507_live_pr31-q02_stellar-spectrum-effective-temperature-surface-g_n30_3f6cf2""]",ok,false,false,false,ok,ok,true,true,true,"[""rq01_stellar_classification"",""rq02_stellar_parameters""]",ok,,跨 Research Query 共现；来源记录一致，relevance 仍需按各 Query 独立判断。
w4_rq02_015,rq02_stellar_parameters,q03_parameters,https://openalex.org/W3161474384,Internal mixing of rotating stars inferred from dipole gravity modes,10.1038/s41550-021-01351-x,https://doi.org/10.1038/s41550-021-01351-x,"[""q03_parameters""]","[""20260808_144349256507_live_pr31-q02_stellar-spectrum-effective-temperature-surface-g_n30_3f6cf2""]",ok,false,true,false,ok,ok,true,true,false,[],ok,摘要缺失；若标题不足，应升级到可靠外部页面核验。,
w4_rq02_016,rq02_stellar_parameters,q03_parameters,https://openalex.org/W2740236269,The Fourteenth Data Release of the Sloan Digital Sky Survey: First Spectroscopic Data from the Extended Baryon Oscillation Spectroscopic Survey and from the Second Phase of the Apache Point Observatory Galactic Evolution Experiment,10.3847/1538-4365/aa9e8a,https://doi.org/10.3847/1538-4365/aa9e8a,"[""q03_parameters""]","[""20260808_144349256507_live_pr31-q02_stellar-spectrum-effective-temperature-surface-g_n30_3f6cf2""]",ok,false,false,false,ok,ok,true,true,false,[],ok,,
w4_rq02_017,rq02_stellar_parameters,q03_parameters,https://openalex.org/W2006997511,Automatic stellar spectra parameterisation in the IR Ca ii triplet region,10.1051/0004-6361/201117372,https://doi.org/10.1051/0004-6361/201117372,"[""q03_parameters""]","[""20260808_144349256507_live_pr31-q02_stellar-spectrum-effective-temperature-surface-g_n30_3f6cf2""]",ok,false,false,false,ok,ok,true,true,false,[],ok,,
w4_rq02_018,rq02_stellar_parameters,q03_parameters,https://openalex.org/W2531334071,The RAVE-on Catalog of Stellar Atmospheric Parameters and Chemical Abundances for Chemo-dynamic Studies in the Gaia Era,10.3847/1538-4357/aa69c2,https://doi.org/10.3847/1538-4357/aa69c2,"[""q03_parameters""]","[""20260808_144349256507_live_pr31-q02_stellar-spectrum-effective-temperature-surface-g_n30_3f6cf2""]",ok,false,false,false,ok,ok,true,true,false,[],ok,,
w4_rq02_019,rq02_stellar_parameters,q03_parameters,https://openalex.org/W2971836485,GWTC-1: A Gravitational-Wave Transient Catalog of Compact Binary Mergers Observed by LIGO and Virgo during the First and Second Observing Runs,10.1103/physrevx.9.031040,https://doi.org/10.1103/physrevx.9.031040,"[""q03_parameters""]","[""20260808_144349256507_live_pr31-q02_stellar-spectrum-effective-temperature-surface-g_n30_3f6cf2""]",ok,false,false,false,ok,ok,true,true,false,[],ok,,
w4_rq02_020,rq02_stellar_parameters,q03_parameters,https://openalex.org/W3122729254,Probing the interior physics of stars through asteroseismology,10.1103/revmodphys.93.015001,https://doi.org/10.1103/revmodphys.93.015001,"[""q03_parameters""]","[""20260808_144349256507_live_pr31-q02_stellar-spectrum-effective-temperature-surface-g_n30_3f6cf2""]",ok,false,false,false,ok,ok,true,true,false,[],ok,,
w4_rq03_001,rq03_spectral_preprocessing,q04_preprocessing,https://openalex.org/W2745394653,Analyzing γ rays of the Galactic Center with deep learning,10.1088/1475-7516/2018/05/058,https://doi.org/10.1088/1475-7516/2018/05/058,"[""q04_preprocessing""]","[""20260808_144352575552_live_pr31-q03_stellar-spectrum-spectral-denoising-normalizatio_n30_e4e706""]",ok,false,false,false,ok,ok,true,true,false,[],ok,,
w4_rq03_002,rq03_spectral_preprocessing,q04_preprocessing,https://openalex.org/W7130819561,From classical machine learning to emerging foundation models: review on multimodal data integration for cancer research,10.1007/s10462-026-11522-9,https://doi.org/10.1007/s10462-026-11522-9,"[""q04_preprocessing""]","[""20260808_144352575552_live_pr31-q03_stellar-spectrum-spectral-denoising-normalizatio_n30_e4e706""]",ok,false,false,false,ok,ok,true,true,false,[],ok,,
w4_rq03_003,rq03_spectral_preprocessing,q04_preprocessing,https://openalex.org/W3155899199,Machine Learning Based Automatic Modulation Recognition for Wireless Communications: A Comprehensive Survey,10.1109/access.2021.3071801,https://doi.org/10.1109/access.2021.3071801,"[""q02_classification"",""q04_preprocessing""]","[""20260808_144344224124_live_pr31-q01_stellar-spectrum-spectral-classification-machine_n30_dae3d3"",""20260808_144352575552_live_pr31-q03_stellar-spectrum-spectral-denoising-normalizatio_n30_e4e706""]",ok,false,false,false,ok,ok,true,true,true,"[""rq01_stellar_classification"",""rq03_spectral_preprocessing""]",ok,,跨 Research Query 共现；来源记录一致，relevance 仍需按各 Query 独立判断。
w4_rq03_004,rq03_spectral_preprocessing,q04_preprocessing,https://openalex.org/W3103819337,Unsupervised feature-learning for galaxy SEDs with denoising autoencoders,10.1051/0004-6361/201630240/pdf,,"[""q04_preprocessing""]","[""20260808_144352575552_live_pr31-q03_stellar-spectrum-spectral-denoising-normalizatio_n30_e4e706""]",ok,false,false,true,ok,ok,true,true,false,[],ok,landing page 缺失；摘要和 DOI 仍可用于判断或外部核验。,
w4_rq03_005,rq03_spectral_preprocessing,q04_preprocessing,https://openalex.org/W3088227899,Machines learn to infer stellar parameters just by looking at a large number of spectra,10.1093/mnras/staa3540,https://doi.org/10.1093/mnras/staa3540,"[""q04_preprocessing""]","[""20260808_144352575552_live_pr31-q03_stellar-spectrum-spectral-denoising-normalizatio_n30_e4e706""]",ok,false,false,false,ok,ok,true,true,false,[],ok,,
w4_rq03_006,rq03_spectral_preprocessing,q04_preprocessing,https://openalex.org/W2065532082,Astrophysically robust systematics removal using variational inference: application to the first month of Kepler data,10.1093/mnras/stt1555,https://doi.org/10.1093/mnras/stt1555,"[""q04_preprocessing""]","[""20260808_144352575552_live_pr31-q03_stellar-spectrum-spectral-denoising-normalizatio_n30_e4e706""]",ok,false,false,false,ok,ok,true,true,false,[],ok,,
w4_rq03_007,rq03_spectral_preprocessing,q04_preprocessing,https://openalex.org/W4220667678,The EXPRES Stellar Signals Project II. State of the Field in Disentangling Photospheric Velocities,10.3847/1538-3881/ac5176,https://doi.org/10.3847/1538-3881/ac5176,"[""q04_preprocessing""]","[""20260808_144352575552_live_pr31-q03_stellar-spectrum-spectral-denoising-normalizatio_n30_e4e706""]",ok,false,false,false,ok,ok,true,true,false,[],ok,,
w4_rq03_008,rq03_spectral_preprocessing,q04_preprocessing,https://openalex.org/W4387971543,JADES Initial Data Release for the Hubble Ultra Deep Field: Revealing the Faint Infrared Sky with Deep JWST NIRCam Imaging,10.3847/1538-4365/acf44d,https://doi.org/10.3847/1538-4365/acf44d,"[""q04_preprocessing""]","[""20260808_144352575552_live_pr31-q03_stellar-spectrum-spectral-denoising-normalizatio_n30_e4e706""]",ok,false,false,false,ok,ok,true,true,false,[],ok,,
w4_rq03_009,rq03_spectral_preprocessing,q04_preprocessing,https://openalex.org/W4391340948,Generating Stellar Spectra Using Neural Networks,10.3390/astronomy3010001,https://doi.org/10.3390/astronomy3010001,"[""q04_preprocessing""]","[""20260808_144352575552_live_pr31-q03_stellar-spectrum-spectral-denoising-normalizatio_n30_e4e706""]",ok,false,false,false,ok,ok,true,true,false,[],ok,,
w4_rq03_010,rq03_spectral_preprocessing,q04_preprocessing,https://openalex.org/W4399876663,A review of unsupervised learning in astronomy,10.1016/j.ascom.2024.100851,https://doi.org/10.1016/j.ascom.2024.100851,"[""q04_preprocessing""]","[""20260808_144352575552_live_pr31-q03_stellar-spectrum-spectral-denoising-normalizatio_n30_e4e706""]",ok,false,false,false,ok,ok,true,true,false,[],ok,,
w4_rq03_011,rq03_spectral_preprocessing,q04_preprocessing,https://openalex.org/W2607233176,Unsupervised feature-learning for galaxy SEDs with denoising autoencoders,10.1051/0004-6361/201630240,https://doi.org/10.1051/0004-6361/201630240,"[""q04_preprocessing""]","[""20260808_144352575552_live_pr31-q03_stellar-spectrum-spectral-denoising-normalizatio_n30_e4e706""]",ok,false,false,false,ok,ok,true,true,false,[],ok,,
w4_rq03_012,rq03_spectral_preprocessing,q04_preprocessing,https://openalex.org/W4388514441,deep-REMAP: Parameterization of Stellar Spectra Using Regularized Multi-Task Learning,10.48550/arxiv.2311.03738,http://arxiv.org/abs/2311.03738,"[""q04_preprocessing""]","[""20260808_144352575552_live_pr31-q03_stellar-spectrum-spectral-denoising-normalizatio_n30_e4e706""]",ok,false,false,false,ok,ok,true,true,false,[],ok,,
w4_rq03_013,rq03_spectral_preprocessing,q04_preprocessing,https://openalex.org/W4401837813,SFNet: Stellar Feature Network with CWT for Stellar Spectra Recognition,10.1088/1674-4527/ad7364,https://doi.org/10.1088/1674-4527/ad7364,"[""q04_preprocessing""]","[""20260808_144352575552_live_pr31-q03_stellar-spectrum-spectral-denoising-normalizatio_n30_e4e706""]",ok,false,false,false,ok,ok,true,true,false,[],ok,,
w4_rq03_014,rq03_spectral_preprocessing,q04_preprocessing,https://openalex.org/W3134861754,A novel stellar spectrum denoising method based on deep Bayesian modeling,10.1088/1674-4527/21/7/169,https://doi.org/10.1088/1674-4527/21/7/169,"[""q04_preprocessing""]","[""20260808_144352575552_live_pr31-q03_stellar-spectrum-spectral-denoising-normalizatio_n30_e4e706""]",ok,false,false,false,ok,ok,true,true,false,[],ok,,
w4_rq03_015,rq03_spectral_preprocessing,q04_preprocessing,https://openalex.org/W4391229918,The first spatio-spectral Bayesian imaging of SN1006 in X-rays,10.1051/0004-6361/202347750,https://doi.org/10.1051/0004-6361/202347750,"[""q04_preprocessing""]","[""20260808_144352575552_live_pr31-q03_stellar-spectrum-spectral-denoising-normalizatio_n30_e4e706""]",ok,false,false,false,ok,ok,true,true,false,[],ok,,
w4_rq03_016,rq03_spectral_preprocessing,q04_preprocessing,https://openalex.org/W4288083930,Spectral modeling of type II supernovae,10.1051/0004-6361/201936137,https://doi.org/10.1051/0004-6361/201936137,"[""q04_preprocessing""]","[""20260808_144352575552_live_pr31-q03_stellar-spectrum-spectral-denoising-normalizatio_n30_e4e706""]",ok,false,false,false,ok,ok,true,true,false,[],ok,,
w4_rq03_017,rq03_spectral_preprocessing,q04_preprocessing,https://openalex.org/W4306968094,The Dawes Review 10: The impact of deep learning for the analysis of galaxy surveys,10.1017/pasa.2022.55,https://doi.org/10.1017/pasa.2022.55,"[""q04_preprocessing""]","[""20260808_144352575552_live_pr31-q03_stellar-spectrum-spectral-denoising-normalizatio_n30_e4e706""]",ok,false,false,false,ok,ok,true,true,false,[],ok,,
w4_rq03_018,rq03_spectral_preprocessing,q04_preprocessing,https://openalex.org/W4284680505,Identification of Mine Mixed Water Inrush Source Based on Genetic Algorithm and XGBoost Algorithm: A Case Study of Huangyuchuan Mine,10.3390/w14142150,https://doi.org/10.3390/w14142150,"[""q04_preprocessing""]","[""20260808_144352575552_live_pr31-q03_stellar-spectrum-spectral-denoising-normalizatio_n30_e4e706""]",ok,false,false,false,ok,ok,true,true,false,[],ok,,
w4_rq03_019,rq03_spectral_preprocessing,q04_preprocessing,https://openalex.org/W4353102922,Estimating stellar parameters from LAMOST low-resolution spectra,10.1093/mnras/stad831,https://doi.org/10.1093/mnras/stad831,"[""q04_preprocessing""]","[""20260808_144352575552_live_pr31-q03_stellar-spectrum-spectral-denoising-normalizatio_n30_e4e706""]",ok,false,false,false,ok,ok,true,true,false,[],ok,,
w4_rq03_020,rq03_spectral_preprocessing,q04_preprocessing,https://openalex.org/W4384201335,Machine learning in solar physics,10.1007/s41116-023-00038-x,https://doi.org/10.1007/s41116-023-00038-x,"[""q02_classification"",""q04_preprocessing""]","[""20260808_144344224124_live_pr31-q01_stellar-spectrum-spectral-classification-machine_n30_dae3d3"",""20260808_144352575552_live_pr31-q03_stellar-spectrum-spectral-denoising-normalizatio_n30_e4e706""]",ok,false,false,false,ok,ok,true,true,true,"[""rq01_stellar_classification"",""rq03_spectral_preprocessing""]",ok,,跨 Research Query 共现；来源记录一致，relevance 仍需按各 Query 独立判断。
