example_id,research_query_id,pair_id,openalex_id,title,example_role,boundary_type,input_data,method_role,core_output,boundary_reason,lexical_risk,potential_improvement
qb_001,rq01_stellar_classification,w4_rq01_004,https://openalex.org/W2567715800,The Galah Survey: Classification and Diagnostics with t-SNE Reduction of Spectral Information,scope_in,,GALAH恒星光谱,t-SNE降维并辅助光谱形态分类,异常或特殊恒星光谱类别,输入对象和输出任务都直接对应RQ01,classification与stellar spectra均指向核心任务,保留对象-模态-任务三要素匹配
qb_002,rq01_stellar_classification,w4_rq01_008,https://openalex.org/W2921395996,Stellar spectral classification and feature evaluation based on a random forest,scope_in,,恒星光谱库及LAMOST类光谱,随机森林执行分类和特征评估,恒星光谱分类标签,机器学习直接以恒星光谱为输入执行分类,stellar spectral classification是核心任务而非背景,将此类直接任务作为正例锚点
qb_003,rq01_stellar_classification,w4_rq01_010,https://openalex.org/W3121170300,ROOSTER: a machine-learning analysis tool for <i>Kepler</i> stellar rotation periods,hard_negative,wrong_modality,Kepler测光光曲线,随机森林检测旋转调制并选择周期,恒星自转周期,研究恒星且使用分类器但不输入恒星光谱,stellar和spectral types等词会掩盖photometric light curves,增加输入模态约束并识别light curve术语
qb_004,rq01_stellar_classification,w4_rq01_014,https://openalex.org/W3155899199,Machine Learning Based Automatic Modulation Recognition for Wireless Communications: A Comprehensive Survey,hard_negative,wrong_domain,无线通信射频信号,机器学习识别调制方式,通信调制类别,spectrum与classification属于通信语境,高频通用词machine learning和spectrum产生表面重合,加入天文对象实体与领域排除词
qb_005,rq01_stellar_classification,w4_rq01_015,https://openalex.org/W2899864468,Machine Learning Applied to Star–Galaxy–QSO Classification and Stellar Effective Temperature Regression,hard_negative,wrong_modality_and_task,宽带多色测光,随机森林做天体对象分类和温度回归,star/galaxy/QSO类别及Teff,对象含star但不是恒星光谱型分类,star classification与stellar temperature词项可能获得高匹配,区分对象级分类与恒星类型分类并约束spectroscopic input
qb_006,rq01_stellar_classification,w4_rq01_016,https://openalex.org/W4312712330,Experimental Analysis of Stellar Classification by using Different Machine Learning Algorithms,boundary,object_classification_vs_stellar_type,摘要仅称100000条观测且输入模态不清,多种分类器区分Galaxy与Star,Galaxy/Star对象类别,标题和背景谈stellar classification但核心输出不是恒星类型,标题词项可能覆盖摘要中的真实任务,优先解析输出标签并在模态不清时触发人工复核
qb_007,rq02_stellar_parameters,w4_rq02_008,https://openalex.org/W2032231736,Estimation of stellar atmospheric parameters from SDSS/SEGUE spectra,scope_in,,SDSS/SEGUE恒星光谱,非线性回归从光谱映射到参数,Teff、log g和[Fe/H],输入方向和参数输出直接对应RQ02,参数词项出现在方法和结果中,作为光谱到参数回归的正例锚点
qb_008,rq02_stellar_parameters,w4_rq02_012,https://openalex.org/W2969434441,Deriving the Stellar Labels of LAMOST Spectra with the Stellar LAbel Machine (SLAM),scope_in,,LAMOST恒星光谱,支持向量回归推断多维恒星标签,Teff、log g、金属丰度及元素标签,训练标签来自外部不改变模型对新光谱执行推断的方向,stellar labels可能被误解为仅使用已有标签,识别训练监督来源与推断输出的方向
qb_009,rq02_stellar_parameters,w4_rq02_018,https://openalex.org/W2531334071,The RAVE-on Catalog of Stellar Atmospheric Parameters and Chemical Abundances for Chemo-dynamic Studies in the Gaia Era,scope_in,,RAVE恒星光谱,The Cannon数据驱动重分析光谱,Teff、log g和元素丰度,参数推断是主要产物且服务后续研究,chemo-dynamic背景不应遮蔽核心光谱参数化任务,同时抽取方法输入与主要产物
qb_010,rq02_stellar_parameters,w4_rq02_002,https://openalex.org/W3106471209,Dissecting stellar chemical abundance space with t-SNE,hard_negative,existing_labels_as_input,已经测得的化学丰度向量,t-SNE分析丰度空间结构,化学族群与异常星,参数是输入而不是从光谱推断的输出,abundance和stellar survey词项与RQ02高度重合,显式建模输入到输出方向
qb_011,rq02_stellar_parameters,w4_rq02_014,https://openalex.org/W2777402735,Carbon Stars Identified from LAMOST DR4 Using Machine Learning,hard_negative,classification_vs_regression,LAMOST恒星光谱,机器学习检出碳星并分类亚型,碳星目录和光谱类别,虽使用恒星光谱但核心任务是分类而非参数估计,stellar spectra与atmospheric parameters在摘要中共同出现,要求参数必须是机器学习的主要输出
qb_012,rq02_stellar_parameters,w4_rq02_020,https://openalex.org/W3122729254,Probing the interior physics of stars through asteroseismology,hard_negative,wrong_modality_no_ml,恒星亮度振荡测光时间序列,综述数值模拟与星震学分析,恒星内部结构约束,不使用恒星光谱且未以机器学习做参数回归,stellar parameters和data等宽泛概念可能造成召回,加入spectroscopic input与ML核心方法约束
qb_013,rq03_spectral_preprocessing,w4_rq03_014,https://openalex.org/W3134861754,A novel stellar spectrum denoising method based on deep Bayesian modeling,scope_in,,SDSS真实恒星光谱,深度贝叶斯生成与噪声模型执行去噪和缺失值恢复,降噪光谱及缺失通量修复,机器学习直接改善恒星光谱质量,denoising和stellar spectrum均对应核心贡献,作为质量恢复正例锚点
qb_014,rq03_spectral_preprocessing,w4_rq03_009,https://openalex.org/W4391340948,Generating Stellar Spectra Using Neural Networks,boundary,generation_vs_preprocessing,合成恒星光谱与恒星参数,自编码器和全连接网络生成归一化光谱,由参数生成的新合成光谱,与光谱重建相邻但目标是生成而非观测光谱去噪或校准,autoencoder、reconstruct和normalized spectrum容易近似命中,区分生成目标与观测质量恢复目标
qb_015,rq03_spectral_preprocessing,w4_rq03_006,https://openalex.org/W2065532082,Astrophysically robust systematics removal using variational inference: application to the first month of Kepler data,hard_negative,wrong_modality,Kepler测光光曲线,贝叶斯模型去除系统误差并对时间序列去噪,校正后的测光光曲线,预处理任务相似但输入不是恒星光谱,systematics removal和denoising与RQ03任务词高度重合,先判定数据模态再匹配处理动作
qb_016,rq03_spectral_preprocessing,w4_rq03_011,https://openalex.org/W2607233176,Unsupervised feature-learning for galaxy SEDs with denoising autoencoders,hard_negative,wrong_object_and_method_name,星系多波段SED,去噪自编码器学习无监督表示,星系族群特征表示,denoising是训练机制且对象为星系SED而非恒星光谱质量恢复,模型名包含denoising会被词法检索高估,识别方法名与论文最终输出并加入天体对象约束
qb_017,rq03_spectral_preprocessing,w4_rq03_012,https://openalex.org/W4388514441,deep-REMAP: Parameterization of Stellar Spectra Using Regularized Multi-Task Learning,hard_negative,downstream_task,合成与观测恒星光谱,正则化多任务学习预测参数,Teff、log g和金属丰度,输入是恒星光谱但核心任务属于RQ02参数估计,regularized和spectral analysis可能被误当作preprocessing,按主要输出区分预处理与下游分析
qb_018,rq03_spectral_preprocessing,w4_rq03_015,https://openalex.org/W4391229918,The first spatio-spectral Bayesian imaging of SN1006 in X-rays,hard_negative,wrong_astronomical_object,超新星遗迹X射线成像观测,贝叶斯重建去噪和去卷积图像,时空-能谱图像及形态分解,同属天文且包含spectral和denoised但数据产品不是恒星光谱,astronomy语境会使简单领域过滤失效,细分天体对象与一维光谱/成像数据产品
qb_019,rq03_spectral_preprocessing,w4_rq03_018,https://openalex.org/W4284680505,Identification of Mine Mixed Water Inrush Source Based on Genetic Algorithm and XGBoost Algorithm: A Case Study of Huangyuchuan Mine,hard_negative,wrong_domain,矿井水UV–Vis吸收光谱,光谱预处理后用GA-XGBoost分类水源,矿井水源类别,处理动作高度相似但研究对象完全错误,preprocessing、denoising、normalization和spectral data全部表面匹配,领域对象必须作为硬约束或强特征
qb_020,rq03_spectral_preprocessing,w4_rq03_019,https://openalex.org/W4353102922,Estimating stellar parameters from LAMOST low-resolution spectra,hard_negative,downstream_task,LAMOST低分辨率恒星光谱,StarGRUNet预测参数和元素丰度,Teff、log g及多种丰度,数据模态正确但主要输出是参数估计而非质量改进,stellar spectra与data processing词项不足以区分RQ02和RQ03,建立任务谓词和输出变量特征
